{"v":"4.10.1","fr":25,"ip":0,"op":21,"w":100,"h":100,"nm":"Comp 1","ddd":0,"assets":[],"layers":[{"ddd":0,"ind":1,"ty":4,"nm":"Lineas","sr":1,"ks":{"o":{"a":0,"k":100,"ix":11},"r":{"a":0,"k":0,"ix":10},"p":{"a":0,"k":[50,50,0],"ix":2},"a":{"a":0,"k":[0,0,0],"ix":1},"s":{"a":0,"k":[100,100,100],"ix":6}},"ao":0,"shapes":[{"ty":"gr","it":[{"ty":"gr","it":[{"ind":0,"ty":"sh","ix":1,"ks":{"a":0,"k":{"i":[[0,0],[0,0]],"o":[[0,0],[0,0]],"v":[[5.5,-23.125],[12.125,-35.375]],"c":false},"ix":2},"nm":"Path 1","mn":"ADBE Vector Shape - Group","hd":false},{"ty":"st","c":{"a":0,"k":[0,0.43137254902,0.447058823529,1],"ix":3},"o":{"a":0,"k":100,"ix":4},"w":{"a":0,"k":2,"ix":5},"lc":2,"lj":2,"nm":"Stroke 1","mn":"ADBE Vector Graphic - Stroke","hd":false},{"ty":"tr","p":{"a":0,"k":[0,0],"ix":2},"a":{"a":0,"k":[0,0],"ix":1},"s":{"a":0,"k":[100,100],"ix":3},"r":{"a":0,"k":0,"ix":6},"o":{"a":0,"k":100,"ix":7},"sk":{"a":0,"k":0,"ix":4},"sa":{"a":0,"k":0,"ix":5},"nm":"Transform"}],"nm":"Shape 3","np":3,"cix":2,"ix":1,"mn":"ADBE Vector Group","hd":false},{"ty":"gr","it":[{"ind":0,"ty":"sh","ix":1,"ks":{"a":0,"k":{"i":[[0,0],[0,0]],"o":[[0,0],[0,0]],"v":[[-1.25,-23],[-0.75,-44.125]],"c":false},"ix":2},"nm":"Path 1","mn":"ADBE Vector Shape - Group","hd":false},{"ty":"st","c":{"a":0,"k":[0,0.43137254902,0.447058823529,1],"ix":3},"o":{"a":0,"k":100,"ix":4},"w":{"a":0,"k":3,"ix":5},"lc":2,"lj":2,"nm":"Stroke 1","mn":"ADBE Vector Graphic - Stroke","hd":false},{"ty":"st","c":{"a":0,"k":[1,1,1,1],"ix":3},"o":{"a":0,"k":100,"ix":4},"w":{"a":0,"k":2,"ix":5},"lc":1,"lj":1,"ml":4,"nm":"Stroke 2","mn":"ADBE Vector Graphic - Stroke","hd":false},{"ty":"tr","p":{"a":0,"k":[0,0],"ix":2},"a":{"a":0,"k":[0,0],"ix":1},"s":{"a":0,"k":[100,100],"ix":3},"r":{"a":0,"k":0,"ix":6},"o":{"a":0,"k":100,"ix":7},"sk":{"a":0,"k":0,"ix":4},"sa":{"a":0,"k":0,"ix":5},"nm":"Transform"}],"nm":"Shape 2","np":4,"cix":2,"ix":2,"mn":"ADBE Vector Group","hd":false},{"ty":"gr","it":[{"ind":0,"ty":"sh","ix":1,"ks":{"a":0,"k":{"i":[[0,0],[0,0]],"o":[[0,0],[0,0]],"v":[[-6.75,-22.625],[-14.375,-33]],"c":false},"ix":2},"nm":"Path 1","mn":"ADBE Vector Shape - Group","hd":false},{"ty":"st","c":{"a":0,"k":[0,0.43137254902,0.447058823529,1],"ix":3},"o":{"a":0,"k":100,"ix":4},"w":{"a":0,"k":2,"ix":5},"lc":2,"lj":2,"nm":"Stroke 1","mn":"ADBE Vector Graphic - Stroke","hd":false},{"ty":"tr","p":{"a":0,"k":[0,0],"ix":2},"a":{"a":0,"k":[0,0],"ix":1},"s":{"a":0,"k":[100,100],"ix":3},"r":{"a":0,"k":0,"ix":6},"o":{"a":0,"k":100,"ix":7},"sk":{"a":0,"k":0,"ix":4},"sa":{"a":0,"k":0,"ix":5},"nm":"Transform"}],"nm":"Shape 1","np":3,"cix":2,"ix":3,"mn":"ADBE Vector Group","hd":false},{"ty":"tm","s":{"a":1,"k":[{"i":{"x":[0.833],"y":[0.833]},"o":{"x":[0.167],"y":[0.167]},"n":["0p833_0p833_0p167_0p167"],"t":4,"s":[0],"e":[100]},{"t":11}],"ix":1},"e":{"a":1,"k":[{"i":{"x":[0.833],"y":[0.833]},"o":{"x":[0.167],"y":[0.167]},"n":["0p833_0p833_0p167_0p167"],"t":4,"s":[0],"e":[100]},{"t":18}],"ix":2},"o":{"a":0,"k":0,"ix":3},"m":1,"ix":4,"nm":"Trim Paths 1","mn":"ADBE Vector Filter - Trim","hd":false},{"ty":"rp","c":{"a":0,"k":3,"ix":1},"o":{"a":0,"k":0,"ix":2},"m":1,"ix":5,"tr":{"ty":"tr","p":{"a":0,"k":[100,0],"ix":2},"a":{"a":0,"k":[0,0],"ix":1},"s":{"a":0,"k":[100,100],"ix":3},"r":{"a":0,"k":0,"ix":4},"so":{"a":0,"k":100,"ix":5},"eo":{"a":0,"k":100,"ix":6},"nm":"Transform"},"nm":"Repeater 1","mn":"ADBE Vector Filter - Repeater","hd":false},{"ty":"tr","p":{"a":0,"k":[-1.125,-33.375],"ix":2},"a":{"a":0,"k":[-1.125,-33.375],"ix":1},"s":{"a":0,"k":[100,100],"ix":3},"r":{"a":0,"k":0,"ix":6},"o":{"a":0,"k":100,"ix":7},"sk":{"a":0,"k":0,"ix":4},"sa":{"a":0,"k":0,"ix":5},"nm":"Transform"}],"nm":"Group 1","np":5,"cix":2,"ix":1,"mn":"ADBE Vector Group","hd":false}],"ip":0,"op":21,"st":0,"bm":0},{"ddd":0,"ind":2,"ty":4,"nm":"Shape Layer 5","parent":4,"sr":1,"ks":{"o":{"a":0,"k":100,"ix":11},"r":{"a":0,"k":0,"ix":10},"p":{"a":0,"k":[-10.975,-11.261,0],"ix":2},"a":{"a":0,"k":[0,0,0],"ix":1},"s":{"a":0,"k":[80,80,100],"ix":6}},"ao":0,"shapes":[{"ty":"gr","it":[{"ind":0,"ty":"sh","ix":1,"ks":{"a":1,"k":[{"i":{"x":0.833,"y":0.833},"o":{"x":0.167,"y":0.167},"n":"0p833_0p833_0p167_0p167","t":0,"s":[{"i":[[0,0],[-1.562,2.5],[-2.375,1.375],[0,0]],"o":[[0,0],[1.562,-2.5],[4.75,-2.75],[0,0]],"v":[[-39.375,-10.25],[-36.844,-14.906],[-30.75,-21.625],[-17.375,-24.125]],"c":false}],"e":[{"i":[[-3.125,-0.625],[-9,-4.25],[-0.511,4.855],[-4.625,2.5]],"o":[[3.125,0.625],[5.098,2.407],[3.375,-8.125],[6,-1.375]],"v":[[-42.625,-8.5],[-34.375,-17.25],[-28.125,-23],[-15.625,-24.5]],"c":false}]},{"i":{"x":0.833,"y":0.833},"o":{"x":0.167,"y":0.167},"n":"0p833_0p833_0p167_0p167","t":3.333,"s":[{"i":[[-3.125,-0.625],[-9,-4.25],[-0.511,4.855],[-4.625,2.5]],"o":[[3.125,0.625],[5.098,2.407],[3.375,-8.125],[6,-1.375]],"v":[[-42.625,-8.5],[-34.375,-17.25],[-28.125,-23],[-15.625,-24.5]],"c":false}],"e":[{"i":[[0,0],[-1.562,2.5],[-2.375,1.375],[0,0]],"o":[[0,0],[1.562,-2.5],[4.75,-2.75],[0,0]],"v":[[-39.375,-10.25],[-36.844,-14.906],[-30.75,-21.625],[-17.375,-24.125]],"c":false}]},{"i":{"x":0.833,"y":0.833},"o":{"x":0.167,"y":0.167},"n":"0p833_0p833_0p167_0p167","t":6.667,"s":[{"i":[[0,0],[-1.562,2.5],[-2.375,1.375],[0,0]],"o":[[0,0],[1.562,-2.5],[4.75,-2.75],[0,0]],"v":[[-39.375,-10.25],[-36.844,-14.906],[-30.75,-21.625],[-17.375,-24.125]],"c":false}],"e":[{"i":[[-3.125,-0.625],[-9,-4.25],[-0.511,4.855],[-4.625,2.5]],"o":[[3.125,0.625],[5.098,2.407],[3.375,-8.125],[6,-1.375]],"v":[[-42.625,-8.5],[-34.375,-17.25],[-28.125,-23],[-15.625,-24.5]],"c":false}]},{"i":{"x":0.833,"y":0.833},"o":{"x":0.167,"y":0.167},"n":"0p833_0p833_0p167_0p167","t":10,"s":[{"i":[[-3.125,-0.625],[-9,-4.25],[-0.511,4.855],[-4.625,2.5]],"o":[[3.125,0.625],[5.098,2.407],[3.375,-8.125],[6,-1.375]],"v":[[-42.625,-8.5],[-34.375,-17.25],[-28.125,-23],[-15.625,-24.5]],"c":false}],"e":[{"i":[[0,0],[-1.562,2.5],[-2.375,1.375],[0,0]],"o":[[0,0],[1.562,-2.5],[4.75,-2.75],[0,0]],"v":[[-39.375,-10.25],[-36.844,-14.906],[-30.75,-21.625],[-17.375,-24.125]],"c":false}]},{"i":{"x":0.833,"y":0.833},"o":{"x":0.167,"y":0.167},"n":"0p833_0p833_0p167_0p167","t":13.333,"s":[{"i":[[0,0],[-1.562,2.5],[-2.375,1.375],[0,0]],"o":[[0,0],[1.562,-2.5],[4.75,-2.75],[0,0]],"v":[[-39.375,-10.25],[-36.844,-14.906],[-30.75,-21.625],[-17.375,-24.125]],"c":false}],"e":[{"i":[[-3.125,-0.625],[-9,-4.25],[-0.511,4.855],[-4.625,2.5]],"o":[[3.125,0.625],[5.098,2.407],[3.375,-8.125],[6,-1.375]],"v":[[-42.625,-8.5],[-34.375,-17.25],[-28.125,-23],[-15.625,-24.5]],"c":false}]},{"i":{"x":0.833,"y":0.833},"o":{"x":0.167,"y":0.167},"n":"0p833_0p833_0p167_0p167","t":16.667,"s":[{"i":[[-3.125,-0.625],[-9,-4.25],[-0.511,4.855],[-4.625,2.5]],"o":[[3.125,0.625],[5.098,2.407],[3.375,-8.125],[6,-1.375]],"v":[[-42.625,-8.5],[-34.375,-17.25],[-28.125,-23],[-15.625,-24.5]],"c":false}],"e":[{"i":[[0,0],[-1.562,2.5],[-2.375,1.375],[0,0]],"o":[[0,0],[1.562,-2.5],[4.75,-2.75],[0,0]],"v":[[-39.375,-10.25],[-36.844,-14.906],[-30.75,-21.625],[-17.375,-24.125]],"c":false}]},{"t":20}],"ix":2},"nm":"Path 1","mn":"ADBE Vector Shape - Group","hd":false},{"ty":"st","c":{"a":0,"k":[0.698039233685,0.023529412225,0.023529412225,1],"ix":3},"o":{"a":0,"k":100,"ix":4},"w":{"a":0,"k":3,"ix":5},"lc":2,"lj":2,"nm":"Stroke 1","mn":"ADBE Vector Graphic - Stroke","hd":false},{"ty":"tr","p":{"a":0,"k":[0,0],"ix":2},"a":{"a":0,"k":[0,0],"ix":1},"s":{"a":0,"k":[100,100],"ix":3},"r":{"a":0,"k":0,"ix":6},"o":{"a":0,"k":100,"ix":7},"sk":{"a":0,"k":0,"ix":4},"sa":{"a":0,"k":0,"ix":5},"nm":"Transform"}],"nm":"Shape 1","np":3,"cix":2,"ix":1,"mn":"ADBE Vector Group","hd":false}],"ip":0,"op":21,"st":0,"bm":0},{"ddd":0,"ind":3,"ty":4,"nm":"Shape Layer 6","sr":1,"ks":{"o":{"a":0,"k":100,"ix":11},"r":{"a":0,"k":0,"ix":10},"p":{"a":0,"k":[50,50,0],"ix":2},"a":{"a":0,"k":[0,0,0],"ix":1},"s":{"a":0,"k":[100,100,100],"ix":6}},"ao":0,"shapes":[],"ip":0,"op":21,"st":0,"bm":0},{"ddd":0,"ind":4,"ty":4,"nm":"Shape Layer 4","sr":1,"ks":{"o":{"a":0,"k":100,"ix":11},"r":{"a":0,"k":70,"ix":10},"p":{"a":0,"k":[70.75,64.25,0],"ix":2},"a":{"a":0,"k":[0,0,0],"ix":1},"s":{"a":0,"k":[100,100,100],"ix":6}},"ao":0,"shapes":[{"ty":"gr","it":[{"ind":0,"ty":"sh","ix":1,"ks":{"a":1,"k":[{"i":{"x":0.833,"y":0.833},"o":{"x":0.167,"y":0.167},"n":"0p833_0p833_0p167_0p167","t":0,"s":[{"i":[[0,0],[-1.562,2.5],[-2.375,1.375],[0,0]],"o":[[0,0],[1.562,-2.5],[4.75,-2.75],[0,0]],"v":[[-39.375,-10.25],[-36.844,-14.906],[-30.75,-21.625],[-17.375,-24.125]],"c":false}],"e":[{"i":[[-3.125,-0.625],[-9,-4.25],[-0.511,4.855],[-4.625,2.5]],"o":[[3.125,0.625],[5.098,2.407],[3.375,-8.125],[6,-1.375]],"v":[[-42.625,-8.5],[-34.375,-17.25],[-28.125,-23],[-15.625,-24.5]],"c":false}]},{"i":{"x":0.833,"y":0.833},"o":{"x":0.167,"y":0.167},"n":"0p833_0p833_0p167_0p167","t":3.333,"s":[{"i":[[-3.125,-0.625],[-9,-4.25],[-0.511,4.855],[-4.625,2.5]],"o":[[3.125,0.625],[5.098,2.407],[3.375,-8.125],[6,-1.375]],"v":[[-42.625,-8.5],[-34.375,-17.25],[-28.125,-23],[-15.625,-24.5]],"c":false}],"e":[{"i":[[0,0],[-1.562,2.5],[-2.375,1.375],[0,0]],"o":[[0,0],[1.562,-2.5],[4.75,-2.75],[0,0]],"v":[[-39.375,-10.25],[-36.844,-14.906],[-30.75,-21.625],[-17.375,-24.125]],"c":false}]},{"i":{"x":0.833,"y":0.833},"o":{"x":0.167,"y":0.167},"n":"0p833_0p833_0p167_0p167","t":6.667,"s":[{"i":[[0,0],[-1.562,2.5],[-2.375,1.375],[0,0]],"o":[[0,0],[1.562,-2.5],[4.75,-2.75],[0,0]],"v":[[-39.375,-10.25],[-36.844,-14.906],[-30.75,-21.625],[-17.375,-24.125]],"c":false}],"e":[{"i":[[-3.125,-0.625],[-9,-4.25],[-0.511,4.855],[-4.625,2.5]],"o":[[3.125,0.625],[5.098,2.407],[3.375,-8.125],[6,-1.375]],"v":[[-42.625,-8.5],[-34.375,-17.25],[-28.125,-23],[-15.625,-24.5]],"c":false}]},{"i":{"x":0.833,"y":0.833},"o":{"x":0.167,"y":0.167},"n":"0p833_0p833_0p167_0p167","t":10,"s":[{"i":[[-3.125,-0.625],[-9,-4.25],[-0.511,4.855],[-4.625,2.5]],"o":[[3.125,0.625],[5.098,2.407],[3.375,-8.125],[6,-1.375]],"v":[[-42.625,-8.5],[-34.375,-17.25],[-28.125,-23],[-15.625,-24.5]],"c":false}],"e":[{"i":[[0,0],[-1.562,2.5],[-2.375,1.375],[0,0]],"o":[[0,0],[1.562,-2.5],[4.75,-2.75],[0,0]],"v":[[-39.375,-10.25],[-36.844,-14.906],[-30.75,-21.625],[-17.375,-24.125]],"c":false}]},{"i":{"x":0.833,"y":0.833},"o":{"x":0.167,"y":0.167},"n":"0p833_0p833_0p167_0p167","t":13.333,"s":[{"i":[[0,0],[-1.562,2.5],[-2.375,1.375],[0,0]],"o":[[0,0],[1.562,-2.5],[4.75,-2.75],[0,0]],"v":[[-39.375,-10.25],[-36.844,-14.906],[-30.75,-21.625],[-17.375,-24.125]],"c":false}],"e":[{"i":[[-3.125,-0.625],[-9,-4.25],[-0.511,4.855],[-4.625,2.5]],"o":[[3.125,0.625],[5.098,2.407],[3.375,-8.125],[6,-1.375]],"v":[[-42.625,-8.5],[-34.375,-17.25],[-28.125,-23],[-15.625,-24.5]],"c":false}]},{"i":{"x":0.833,"y":0.833},"o":{"x":0.167,"y":0.167},"n":"0p833_0p833_0p167_0p167","t":16.667,"s":[{"i":[[-3.125,-0.625],[-9,-4.25],[-0.511,4.855],[-4.625,2.5]],"o":[[3.125,0.625],[5.098,2.407],[3.375,-8.125],[6,-1.375]],"v":[[-42.625,-8.5],[-34.375,-17.25],[-28.125,-23],[-15.625,-24.5]],"c":false}],"e":[{"i":[[0,0],[-1.562,2.5],[-2.375,1.375],[0,0]],"o":[[0,0],[1.562,-2.5],[4.75,-2.75],[0,0]],"v":[[-39.375,-10.25],[-36.844,-14.906],[-30.75,-21.625],[-17.375,-24.125]],"c":false}]},{"t":20}],"ix":2},"nm":"Path 1","mn":"ADBE Vector Shape - Group","hd":false},{"ty":"st","c":{"a":0,"k":[0.698039233685,0.023529412225,0.023529412225,0.945098042488],"ix":3},"o":{"a":0,"k":100,"ix":4},"w":{"a":0,"k":3,"ix":5},"lc":2,"lj":2,"nm":"Stroke 1","mn":"ADBE Vector Graphic - Stroke","hd":false},{"ty":"tr","p":{"a":0,"k":[0,0],"ix":2},"a":{"a":0,"k":[0,0],"ix":1},"s":{"a":0,"k":[100,100],"ix":3},"r":{"a":0,"k":0,"ix":6},"o":{"a":0,"k":100,"ix":7},"sk":{"a":0,"k":0,"ix":4},"sa":{"a":0,"k":0,"ix":5},"nm":"Transform"}],"nm":"Shape 1","np":3,"cix":2,"ix":1,"mn":"ADBE Vector Group","hd":false}],"ip":0,"op":21,"st":0,"bm":0},{"ddd":0,"ind":5,"ty":4,"nm":"Shape Layer 3","sr":1,"ks":{"o":{"a":0,"k":100,"ix":11},"r":{"a":0,"k":0,"ix":10},"p":{"a":0,"k":[39.025,38.739,0],"ix":2},"a":{"a":0,"k":[0,0,0],"ix":1},"s":{"a":0,"k":[80,80,100],"ix":6}},"ao":0,"shapes":[{"ty":"gr","it":[{"ind":0,"ty":"sh","ix":1,"ks":{"a":1,"k":[{"i":{"x":0.833,"y":0.833},"o":{"x":0.167,"y":0.167},"n":"0p833_0p833_0p167_0p167","t":0,"s":[{"i":[[0,0],[-1.562,2.5],[-2.375,1.375],[0,0]],"o":[[0,0],[1.562,-2.5],[4.75,-2.75],[0,0]],"v":[[-39.375,-10.25],[-36.844,-14.906],[-30.75,-21.625],[-17.375,-24.125]],"c":false}],"e":[{"i":[[-3.125,-0.625],[-9,-4.25],[-0.511,4.855],[-4.625,2.5]],"o":[[3.125,0.625],[5.098,2.407],[3.375,-8.125],[6,-1.375]],"v":[[-42.625,-8.5],[-34.375,-17.25],[-28.125,-23],[-15.625,-24.5]],"c":false}]},{"i":{"x":0.833,"y":0.833},"o":{"x":0.167,"y":0.167},"n":"0p833_0p833_0p167_0p167","t":3.333,"s":[{"i":[[-3.125,-0.625],[-9,-4.25],[-0.511,4.855],[-4.625,2.5]],"o":[[3.125,0.625],[5.098,2.407],[3.375,-8.125],[6,-1.375]],"v":[[-42.625,-8.5],[-34.375,-17.25],[-28.125,-23],[-15.625,-24.5]],"c":false}],"e":[{"i":[[0,0],[-1.562,2.5],[-2.375,1.375],[0,0]],"o":[[0,0],[1.562,-2.5],[4.75,-2.75],[0,0]],"v":[[-39.375,-10.25],[-36.844,-14.906],[-30.75,-21.625],[-17.375,-24.125]],"c":false}]},{"i":{"x":0.833,"y":0.833},"o":{"x":0.167,"y":0.167},"n":"0p833_0p833_0p167_0p167","t":6.667,"s":[{"i":[[0,0],[-1.562,2.5],[-2.375,1.375],[0,0]],"o":[[0,0],[1.562,-2.5],[4.75,-2.75],[0,0]],"v":[[-39.375,-10.25],[-36.844,-14.906],[-30.75,-21.625],[-17.375,-24.125]],"c":false}],"e":[{"i":[[-3.125,-0.625],[-9,-4.25],[-0.511,4.855],[-4.625,2.5]],"o":[[3.125,0.625],[5.098,2.407],[3.375,-8.125],[6,-1.375]],"v":[[-42.625,-8.5],[-34.375,-17.25],[-28.125,-23],[-15.625,-24.5]],"c":false}]},{"i":{"x":0.833,"y":0.833},"o":{"x":0.167,"y":0.167},"n":"0p833_0p833_0p167_0p167","t":10,"s":[{"i":[[-3.125,-0.625],[-9,-4.25],[-0.511,4.855],[-4.625,2.5]],"o":[[3.125,0.625],[5.098,2.407],[3.375,-8.125],[6,-1.375]],"v":[[-42.625,-8.5],[-34.375,-17.25],[-28.125,-23],[-15.625,-24.5]],"c":false}],"e":[{"i":[[0,0],[-1.562,2.5],[-2.375,1.375],[0,0]],"o":[[0,0],[1.562,-2.5],[4.75,-2.75],[0,0]],"v":[[-39.375,-10.25],[-36.844,-14.906],[-30.75,-21.625],[-17.375,-24.125]],"c":false}]},{"i":{"x":0.833,"y":0.833},"o":{"x":0.167,"y":0.167},"n":"0p833_0p833_0p167_0p167","t":13.333,"s":[{"i":[[0,0],[-1.562,2.5],[-2.375,1.375],[0,0]],"o":[[0,0],[1.562,-2.5],[4.75,-2.75],[0,0]],"v":[[-39.375,-10.25],[-36.844,-14.906],[-30.75,-21.625],[-17.375,-24.125]],"c":false}],"e":[{"i":[[-3.125,-0.625],[-9,-4.25],[-0.511,4.855],[-4.625,2.5]],"o":[[3.125,0.625],[5.098,2.407],[3.375,-8.125],[6,-1.375]],"v":[[-42.625,-8.5],[-34.375,-17.25],[-28.125,-23],[-15.625,-24.5]],"c":false}]},{"i":{"x":0.833,"y":0.833},"o":{"x":0.167,"y":0.167},"n":"0p833_0p833_0p167_0p167","t":16.667,"s":[{"i":[[-3.125,-0.625],[-9,-4.25],[-0.511,4.855],[-4.625,2.5]],"o":[[3.125,0.625],[5.098,2.407],[3.375,-8.125],[6,-1.375]],"v":[[-42.625,-8.5],[-34.375,-17.25],[-28.125,-23],[-15.625,-24.5]],"c":false}],"e":[{"i":[[0,0],[-1.562,2.5],[-2.375,1.375],[0,0]],"o":[[0,0],[1.562,-2.5],[4.75,-2.75],[0,0]],"v":[[-39.375,-10.25],[-36.844,-14.906],[-30.75,-21.625],[-17.375,-24.125]],"c":false}]},{"t":20}],"ix":2},"nm":"Path 1","mn":"ADBE Vector Shape - Group","hd":false},{"ty":"st","c":{"a":0,"k":[0.698039233685,0.023529412225,0.023529412225,1],"ix":3},"o":{"a":0,"k":100,"ix":4},"w":{"a":0,"k":3,"ix":5},"lc":2,"lj":2,"nm":"Stroke 1","mn":"ADBE Vector Graphic - Stroke","hd":false},{"ty":"tr","p":{"a":0,"k":[0,0],"ix":2},"a":{"a":0,"k":[0,0],"ix":1},"s":{"a":0,"k":[100,100],"ix":3},"r":{"a":0,"k":0,"ix":6},"o":{"a":0,"k":100,"ix":7},"sk":{"a":0,"k":0,"ix":4},"sa":{"a":0,"k":0,"ix":5},"nm":"Transform"}],"nm":"Shape 1","np":3,"cix":2,"ix":1,"mn":"ADBE Vector Group","hd":false}],"ip":0,"op":21,"st":0,"bm":0},{"ddd":0,"ind":6,"ty":4,"nm":"linea","sr":1,"ks":{"o":{"a":0,"k":100,"ix":11},"r":{"a":0,"k":0,"ix":10},"p":{"a":0,"k":[50,50,0],"ix":2},"a":{"a":0,"k":[0,0,0],"ix":1},"s":{"a":0,"k":[100,100,100],"ix":6}},"ao":0,"shapes":[{"ty":"gr","it":[{"ind":0,"ty":"sh","ix":1,"ks":{"a":1,"k":[{"i":{"x":0.833,"y":0.833},"o":{"x":0.167,"y":0.167},"n":"0p833_0p833_0p167_0p167","t":0,"s":[{"i":[[0,0],[-1.562,2.5],[-2.375,1.375],[0,0]],"o":[[0,0],[1.562,-2.5],[4.75,-2.75],[0,0]],"v":[[-39.375,-10.25],[-36.844,-14.906],[-30.75,-21.625],[-17.375,-24.125]],"c":false}],"e":[{"i":[[-3.125,-0.625],[-9,-4.25],[-0.511,4.855],[-4.625,2.5]],"o":[[3.125,0.625],[5.098,2.407],[3.375,-8.125],[6,-1.375]],"v":[[-42.625,-8.5],[-34.375,-17.25],[-28.125,-23],[-15.625,-24.5]],"c":false}]},{"i":{"x":0.833,"y":0.833},"o":{"x":0.167,"y":0.167},"n":"0p833_0p833_0p167_0p167","t":3.333,"s":[{"i":[[-3.125,-0.625],[-9,-4.25],[-0.511,4.855],[-4.625,2.5]],"o":[[3.125,0.625],[5.098,2.407],[3.375,-8.125],[6,-1.375]],"v":[[-42.625,-8.5],[-34.375,-17.25],[-28.125,-23],[-15.625,-24.5]],"c":false}],"e":[{"i":[[0,0],[-1.562,2.5],[-2.375,1.375],[0,0]],"o":[[0,0],[1.562,-2.5],[4.75,-2.75],[0,0]],"v":[[-39.375,-10.25],[-36.844,-14.906],[-30.75,-21.625],[-17.375,-24.125]],"c":false}]},{"i":{"x":0.833,"y":0.833},"o":{"x":0.167,"y":0.167},"n":"0p833_0p833_0p167_0p167","t":6.667,"s":[{"i":[[0,0],[-1.562,2.5],[-2.375,1.375],[0,0]],"o":[[0,0],[1.562,-2.5],[4.75,-2.75],[0,0]],"v":[[-39.375,-10.25],[-36.844,-14.906],[-30.75,-21.625],[-17.375,-24.125]],"c":false}],"e":[{"i":[[-3.125,-0.625],[-9,-4.25],[-0.511,4.855],[-4.625,2.5]],"o":[[3.125,0.625],[5.098,2.407],[3.375,-8.125],[6,-1.375]],"v":[[-42.625,-8.5],[-34.375,-17.25],[-28.125,-23],[-15.625,-24.5]],"c":false}]},{"i":{"x":0.833,"y":0.833},"o":{"x":0.167,"y":0.167},"n":"0p833_0p833_0p167_0p167","t":10,"s":[{"i":[[-3.125,-0.625],[-9,-4.25],[-0.511,4.855],[-4.625,2.5]],"o":[[3.125,0.625],[5.098,2.407],[3.375,-8.125],[6,-1.375]],"v":[[-42.625,-8.5],[-34.375,-17.25],[-28.125,-23],[-15.625,-24.5]],"c":false}],"e":[{"i":[[0,0],[-1.562,2.5],[-2.375,1.375],[0,0]],"o":[[0,0],[1.562,-2.5],[4.75,-2.75],[0,0]],"v":[[-39.375,-10.25],[-36.844,-14.906],[-30.75,-21.625],[-17.375,-24.125]],"c":false}]},{"i":{"x":0.833,"y":0.833},"o":{"x":0.167,"y":0.167},"n":"0p833_0p833_0p167_0p167","t":13.333,"s":[{"i":[[0,0],[-1.562,2.5],[-2.375,1.375],[0,0]],"o":[[0,0],[1.562,-2.5],[4.75,-2.75],[0,0]],"v":[[-39.375,-10.25],[-36.844,-14.906],[-30.75,-21.625],[-17.375,-24.125]],"c":false}],"e":[{"i":[[-3.125,-0.625],[-9,-4.25],[-0.511,4.855],[-4.625,2.5]],"o":[[3.125,0.625],[5.098,2.407],[3.375,-8.125],[6,-1.375]],"v":[[-42.625,-8.5],[-34.375,-17.25],[-28.125,-23],[-15.625,-24.5]],"c":false}]},{"i":{"x":0.833,"y":0.833},"o":{"x":0.167,"y":0.167},"n":"0p833_0p833_0p167_0p167","t":16.667,"s":[{"i":[[-3.125,-0.625],[-9,-4.25],[-0.511,4.855],[-4.625,2.5]],"o":[[3.125,0.625],[5.098,2.407],[3.375,-8.125],[6,-1.375]],"v":[[-42.625,-8.5],[-34.375,-17.25],[-28.125,-23],[-15.625,-24.5]],"c":false}],"e":[{"i":[[0,0],[-1.562,2.5],[-2.375,1.375],[0,0]],"o":[[0,0],[1.562,-2.5],[4.75,-2.75],[0,0]],"v":[[-39.375,-10.25],[-36.844,-14.906],[-30.75,-21.625],[-17.375,-24.125]],"c":false}]},{"t":20}],"ix":2},"nm":"Path 1","mn":"ADBE Vector Shape - Group","hd":false},{"ty":"st","c":{"a":0,"k":[0.698039233685,0.023529412225,0.023529412225,1],"ix":3},"o":{"a":0,"k":100,"ix":4},"w":{"a":0,"k":3,"ix":5},"lc":2,"lj":2,"nm":"Stroke 1","mn":"ADBE Vector Graphic - Stroke","hd":false},{"ty":"tr","p":{"a":0,"k":[0,0],"ix":2},"a":{"a":0,"k":[0,0],"ix":1},"s":{"a":0,"k":[100,100],"ix":3},"r":{"a":0,"k":0,"ix":6},"o":{"a":0,"k":100,"ix":7},"sk":{"a":0,"k":0,"ix":4},"sa":{"a":0,"k":0,"ix":5},"nm":"Transform"}],"nm":"Shape 1","np":3,"cix":2,"ix":1,"mn":"ADBE Vector Group","hd":false}],"ip":0,"op":21,"st":0,"bm":0},{"ddd":0,"ind":7,"ty":4,"nm":"auricular","parent":9,"sr":1,"ks":{"o":{"a":0,"k":100,"ix":11},"r":{"a":0,"k":0,"ix":10},"p":{"a":1,"k":[{"i":{"x":0.833,"y":0.833},"o":{"x":0.167,"y":0.167},"n":"0p833_0p833_0p167_0p167","t":1,"s":[8.746,2.299,0],"e":[8.746,0.299,0],"to":[0,-0.33333334326744,0],"ti":[0,-0.16666667163372,0]},{"i":{"x":0.833,"y":0.833},"o":{"x":0.167,"y":0.167},"n":"0p833_0p833_0p167_0p167","t":4,"s":[8.746,0.299,0],"e":[8.746,3.299,0],"to":[0,0.16666667163372,0],"ti":[0,-0.33333334326744,0]},{"i":{"x":0.833,"y":0.833},"o":{"x":0.167,"y":0.167},"n":"0p833_0p833_0p167_0p167","t":7,"s":[8.746,3.299,0],"e":[8.746,2.299,0],"to":[0,0.33333334326744,0],"ti":[0,0.16666667163372,0]},{"i":{"x":0.833,"y":0.833},"o":{"x":0.167,"y":0.167},"n":"0p833_0p833_0p167_0p167","t":10,"s":[8.746,2.299,0],"e":[8.746,2.299,0],"to":[0,0,0],"ti":[0,0,0]},{"i":{"x":0.833,"y":0.833},"o":{"x":0.167,"y":0.167},"n":"0p833_0p833_0p167_0p167","t":12,"s":[8.746,2.299,0],"e":[8.746,3.299,0],"to":[0,0.16666667163372,0],"ti":[0,0,0]},{"i":{"x":0.833,"y":0.833},"o":{"x":0.167,"y":0.167},"n":"0p833_0p833_0p167_0p167","t":14,"s":[8.746,3.299,0],"e":[8.746,2.299,0],"to":[0,0,0],"ti":[0,0.16666667163372,0]},{"t":17}],"ix":2},"a":{"a":0,"k":[8.746,2.299,0],"ix":1},"s":{"a":0,"k":[100,100,100],"ix":6}},"ao":0,"shapes":[{"ty":"gr","it":[{"ind":0,"ty":"sh","ix":1,"ks":{"a":0,"k":{"i":[[0,0],[0.942,0.921],[3.117,0],[1.133,-1.11],[0.105,-1.032],[0,-0.043],[-0.402,0],[-1.055,0.09],[-0.027,0.004],[0,0.394],[0,0],[-0.446,0],[0,0],[0,-0.445],[0,0],[-0.39,-0.015],[-0.023,-0.004],[-0.047,0],[0,0.406]],"o":[[-0.106,-1.032],[-1.133,-1.114],[-3.117,0],[-0.941,0.921],[0,0],[0,0.406],[0.047,0],[0.023,-0.004],[0.391,-0.015],[0,0],[0,-0.445],[0,0],[0.445,0],[0,0],[0,0.394],[0.027,0.004],[1.059,0.09],[0.402,0],[0,-0.043]],"v":[[8.731,2.187],[7.371,-1.395],[0,-3.063],[-7.371,-1.395],[-8.73,2.187],[-8.746,2.331],[-8.016,3.063],[-5.16,2.831],[-5.082,2.819],[-4.371,2.089],[-4.371,0.651],[-3.562,-0.148],[3.563,-0.148],[4.367,0.651],[4.375,2.089],[5.082,2.819],[5.16,2.831],[8.016,3.063],[8.746,2.331]],"c":true},"ix":2},"nm":"Path 1","mn":"ADBE Vector Shape - Group","hd":false},{"ind":1,"ty":"sh","ix":2,"ks":{"a":0,"k":{"i":[[0,0]],"o":[[0,0]],"v":[[8.731,2.187]],"c":false},"ix":2},"nm":"Path 2","mn":"ADBE Vector Shape - Group","hd":false},{"ty":"mm","mm":1,"nm":"Merge Paths 1","mn":"ADBE Vector Filter - Merge","hd":false},{"ty":"fl","c":{"a":0,"k":[0,0,0,1],"ix":4},"o":{"a":0,"k":100,"ix":5},"r":1,"nm":"Fill 1","mn":"ADBE Vector Graphic - Fill","hd":false},{"ty":"tr","p":{"a":0,"k":[8.746,3.572],"ix":2},"a":{"a":0,"k":[0,0],"ix":1},"s":{"a":0,"k":[100,100],"ix":3},"r":{"a":0,"k":0,"ix":6},"o":{"a":0,"k":100,"ix":7},"sk":{"a":0,"k":0,"ix":4},"sa":{"a":0,"k":0,"ix":5},"nm":"Transform"}],"nm":"auricular","np":4,"cix":2,"ix":1,"mn":"ADBE Vector Group","hd":false}],"ip":0,"op":21,"st":0,"bm":0},{"ddd":0,"ind":8,"ty":4,"nm":"circulo","parent":9,"sr":1,"ks":{"o":{"a":0,"k":100,"ix":11},"r":{"a":0,"k":0,"ix":10},"p":{"a":0,"k":[8.746,11.439,0],"ix":2},"a":{"a":0,"k":[8.746,11.439,0],"ix":1},"s":{"a":0,"k":[100,100,100],"ix":6}},"ao":0,"shapes":[{"ty":"gr","it":[{"ind":0,"ty":"sh","ix":1,"ks":{"a":0,"k":{"i":[[0,-0.804],[0.805,0],[0,0.805],[-0.805,0]],"o":[[0,0.805],[-0.805,0],[0,-0.804],[0.805,0]],"v":[[1.457,0],[0,1.457],[-1.457,0],[0,-1.457]],"c":true},"ix":2},"nm":"Path 1","mn":"ADBE Vector Shape - Group","hd":false},{"ind":1,"ty":"sh","ix":2,"ks":{"a":0,"k":{"i":[[0,0]],"o":[[0,0]],"v":[[1.457,0]],"c":false},"ix":2},"nm":"Path 2","mn":"ADBE Vector Shape - Group","hd":false},{"ty":"mm","mm":1,"nm":"Merge Paths 1","mn":"ADBE Vector Filter - Merge","hd":false},{"ty":"fl","c":{"a":0,"k":[0,0,0,1],"ix":4},"o":{"a":0,"k":100,"ix":5},"r":1,"nm":"Fill 1","mn":"ADBE Vector Graphic - Fill","hd":false},{"ty":"tr","p":{"a":0,"k":[8.746,11.439],"ix":2},"a":{"a":0,"k":[0,0],"ix":1},"s":{"a":0,"k":[100,100],"ix":3},"r":{"a":0,"k":0,"ix":6},"o":{"a":0,"k":100,"ix":7},"sk":{"a":0,"k":0,"ix":4},"sa":{"a":0,"k":0,"ix":5},"nm":"Transform"}],"nm":"circulo","np":4,"cix":2,"ix":1,"mn":"ADBE Vector Group","hd":false}],"ip":0,"op":21,"st":0,"bm":0},{"ddd":0,"ind":9,"ty":4,"nm":"base","sr":1,"ks":{"o":{"a":0,"k":100,"ix":11},"r":{"a":1,"k":[{"i":{"x":[0.833],"y":[0.833]},"o":{"x":[0.167],"y":[0.167]},"n":["0p833_0p833_0p167_0p167"],"t":0,"s":[0],"e":[3]},{"i":{"x":[0.833],"y":[0.833]},"o":{"x":[0.167],"y":[0.167]},"n":["0p833_0p833_0p167_0p167"],"t":1.615,"s":[3],"e":[-1]},{"i":{"x":[0.833],"y":[0.833]},"o":{"x":[0.167],"y":[0.167]},"n":["0p833_0p833_0p167_0p167"],"t":3.231,"s":[-1],"e":[2]},{"i":{"x":[0.833],"y":[0.833]},"o":{"x":[0.167],"y":[0.167]},"n":["0p833_0p833_0p167_0p167"],"t":4.846,"s":[2],"e":[-4]},{"i":{"x":[0.833],"y":[0.833]},"o":{"x":[0.167],"y":[0.167]},"n":["0p833_0p833_0p167_0p167"],"t":6.462,"s":[-4],"e":[3.999]},{"i":{"x":[0.833],"y":[0.833]},"o":{"x":[0.167],"y":[0.167]},"n":["0p833_0p833_0p167_0p167"],"t":7,"s":[3.999],"e":[2]},{"i":{"x":[0.833],"y":[0.833]},"o":{"x":[0.167],"y":[0.167]},"n":["0p833_0p833_0p167_0p167"],"t":8.077,"s":[2],"e":[0]},{"i":{"x":[0.833],"y":[0.833]},"o":{"x":[0.167],"y":[0.167]},"n":["0p833_0p833_0p167_0p167"],"t":9.692,"s":[0],"e":[0]},{"i":{"x":[0.833],"y":[0.833]},"o":{"x":[0.167],"y":[0.167]},"n":["0p833_0p833_0p167_0p167"],"t":11.308,"s":[0],"e":[3]},{"i":{"x":[0.833],"y":[0.833]},"o":{"x":[0.167],"y":[0.167]},"n":["0p833_0p833_0p167_0p167"],"t":12.923,"s":[3],"e":[-1]},{"i":{"x":[0.833],"y":[0.833]},"o":{"x":[0.167],"y":[0.167]},"n":["0p833_0p833_0p167_0p167"],"t":14.538,"s":[-1],"e":[-7]},{"i":{"x":[0.833],"y":[0.833]},"o":{"x":[0.167],"y":[0.167]},"n":["0p833_0p833_0p167_0p167"],"t":16,"s":[-7],"e":[-4]},{"i":{"x":[0.833],"y":[0.833]},"o":{"x":[0.167],"y":[0.167]},"n":["0p833_0p833_0p167_0p167"],"t":17.769,"s":[-4],"e":[2]},{"i":{"x":[0.833],"y":[0.833]},"o":{"x":[0.167],"y":[0.167]},"n":["0p833_0p833_0p167_0p167"],"t":19.385,"s":[2],"e":[0]},{"t":21}],"ix":10},"p":{"a":0,"k":[49.065,85.25,0],"ix":2},"a":{"a":0,"k":[8.746,15.818,0],"ix":1},"s":{"a":0,"k":[368,368,100],"ix":6}},"ao":0,"shapes":[{"ty":"gr","it":[{"ind":0,"ty":"sh","ix":1,"ks":{"a":0,"k":{"i":[[0,0]],"o":[[0,0]],"v":[[-40.457,9.636]],"c":false},"ix":2},"nm":"Path 1","mn":"ADBE Vector Shape - Group","hd":false},{"ty":"st","c":{"a":0,"k":[0,0.43137254902,0.447058823529,1],"ix":3},"o":{"a":0,"k":100,"ix":4},"w":{"a":0,"k":3,"ix":5},"lc":1,"lj":1,"ml":4,"nm":"Stroke 1","mn":"ADBE Vector Graphic - Stroke","hd":false},{"ty":"fl","c":{"a":0,"k":[0,0,0,1],"ix":4},"o":{"a":0,"k":100,"ix":5},"r":1,"nm":"Fill 1","mn":"ADBE Vector Graphic - Fill","hd":false},{"ty":"tr","p":{"a":0,"k":[0,0],"ix":2},"a":{"a":0,"k":[0,0],"ix":1},"s":{"a":0,"k":[100,100],"ix":3},"r":{"a":0,"k":0,"ix":6},"o":{"a":0,"k":100,"ix":7},"sk":{"a":0,"k":0,"ix":4},"sa":{"a":0,"k":0,"ix":5},"nm":"Transform"}],"nm":"Shape 1","np":3,"cix":2,"ix":1,"mn":"ADBE Vector Group","hd":false},{"ty":"gr","it":[{"ind":0,"ty":"sh","ix":1,"ks":{"a":0,"k":{"i":[[0,0],[0,0],[0.504,0],[0,-0.5],[0,0],[0,0],[0,0],[0.504,0],[0,-0.5],[0,0],[0,0],[0,-0.512],[0,0],[-0.804,0],[0,0],[0,0],[-0.5,0],[0,0.504],[0,0],[0,0],[0,0],[-0.5,0],[0,0.504],[0,0],[0,0],[0,0.804],[0,0],[0.336,0.332]],"o":[[0,0],[0,-0.5],[-0.5,0],[0,0],[0,0],[0,0],[0,-0.5],[-0.504,0],[0,0],[0,0],[-0.34,0.332],[0,0],[0,0.804],[0,0],[0,0],[0,0.504],[0.508,0],[0,0],[0,0],[0,0],[0,0.504],[0.503,0],[0,0],[0,0],[0.809,0],[0,0],[0,-0.512],[0,0]],"v":[[2.914,-4.736],[2.914,-5.65],[2.004,-6.561],[1.094,-5.65],[1.094,-4.736],[-1.094,-4.736],[-1.094,-5.65],[-2.004,-6.561],[-2.914,-5.65],[-2.914,-4.736],[-7.832,0.514],[-8.383,1.818],[-8.383,3.279],[-6.926,4.736],[-6.558,4.736],[-6.558,5.646],[-5.652,6.561],[-4.738,5.646],[-4.738,4.736],[4.734,4.736],[4.734,5.646],[5.649,6.561],[6.559,5.646],[6.559,4.736],[6.922,4.736],[8.383,3.279],[8.383,1.818],[7.832,0.514]],"c":true},"ix":2},"nm":"Path 1","mn":"ADBE Vector Shape - Group","hd":false},{"ind":1,"ty":"sh","ix":2,"ks":{"a":0,"k":{"i":[[1.609,0],[0,1.61],[-1.609,0],[0,-1.609]],"o":[[-1.609,0],[0,-1.609],[1.609,0],[0,1.61]],"v":[[0,2.912],[-2.914,-0.003],[0,-2.916],[2.914,-0.003]],"c":true},"ix":2},"nm":"Path 2","mn":"ADBE Vector Shape - Group","hd":false},{"ind":2,"ty":"sh","ix":3,"ks":{"a":0,"k":{"i":[[0,0]],"o":[[0,0]],"v":[[0,2.912]],"c":false},"ix":2},"nm":"Path 3","mn":"ADBE Vector Shape - Group","hd":false},{"ty":"mm","mm":1,"nm":"Merge Paths 1","mn":"ADBE Vector Filter - Merge","hd":false},{"ty":"fl","c":{"a":0,"k":[0,0,0,1],"ix":4},"o":{"a":0,"k":100,"ix":5},"r":1,"nm":"Fill 1","mn":"ADBE Vector Graphic - Fill","hd":false},{"ty":"tr","p":{"a":0,"k":[8.746,18.441],"ix":2},"a":{"a":0,"k":[0,7],"ix":1},"s":{"a":0,"k":[100,100],"ix":3},"r":{"a":0,"k":0,"ix":6},"o":{"a":0,"k":100,"ix":7},"sk":{"a":0,"k":0,"ix":4},"sa":{"a":0,"k":0,"ix":5},"nm":"Transform"}],"nm":"base","np":5,"cix":2,"ix":2,"mn":"ADBE Vector Group","hd":false}],"ip":0,"op":21,"st":0,"bm":0}]}